"FSL","Power Architecture 处理器---MPC5xxx/5xxx 32位MCU","MPC561","KMPC561MZP56","数据手册","MPC561/MPC563 Reference Manual and Data Sheet (Additional Devices Supported: MPC562/MPC564)","http://cache.freescale.com/files/microcontrollers/doc/ref_manual/MPC561RM.pdf?fpsp=1&WT_TYPE=Data Sheets&WT_VENDOR=FREESCALE&WT_FILE_FORMAT=pdf&WT_ASSET=Documentation&fileExt=.pdf"
"FSL","Power Architecture 处理器---MPC5xxx/5xxx 32位MCU","MPC561","KMPC561MZP56","勘误表","MPC561 Chip Errata Rev A","http://cache.freescale.com/files/microcontrollers/doc/ref_manual/MPC561ACE.pdf?fpsp=1&WT_TYPE=Errata&WT_VENDOR=FREESCALE&WT_FILE_FORMAT=pdf&WT_ASSET=Documentation&fileExt=.pdf"
"FSL","Power Architecture 处理器---MPC5xxx/5xxx 32位MCU","MPC561","KMPC561MZP56","勘误表","MPC561 Chip Errata Rev C","http://cache.freescale.com/files/microcontrollers/doc/ref_manual/MPC561CCE.pdf?fpsp=1&WT_TYPE=Errata&WT_VENDOR=FREESCALE&WT_FILE_FORMAT=pdf&WT_ASSET=Documentation&fileExt=.pdf"
"FSL","Power Architecture 处理器---MPC5xxx/5xxx 32位MCU","MPC561","KMPC561MZP56","勘误表","MPC561 Chip Errata Rev D (Custom)","http://cache.freescale.com/files/microcontrollers/doc/ref_manual/MPC561DCE.pdf?fpsp=1&WT_TYPE=Errata&WT_VENDOR=FREESCALE&WT_FILE_FORMAT=pdf&WT_ASSET=Documentation&fileExt=.pdf"
"FSL","Power Architecture 处理器---MPC5xxx/5xxx 32位MCU","MPC561","KMPC561MZP56","应用说明","AN4731， Understanding Injection Current on Freescale Automotive Microcontrollers - Application Note","http://cache.freescale.com/files/32bit/doc/app_note/AN4731.pdf?fpsp=1&WT_TYPE=Application Notes&WT_VENDOR=FREESCALE&WT_FILE_FORMAT=pdf&WT_ASSET=Documentation&fileExt=.pdf"
"FSL","Power Architecture 处理器---MPC5xxx/5xxx 32位MCU","MPC561","KMPC561MZP56","应用说明","Using the Multichannel Pulse Width Modulation TPU Function (MCPWM) with the MPC500 Family","http://cache.freescale.com/files/microcontrollers/doc/app_note/AN2375.pdf?fpsp=1&WT_TYPE=Application Notes&WT_VENDOR=FREESCALE&WT_FILE_FORMAT=pdf&WT_ASSET=Documentation&fileExt=.pdf"
"FSL","Power Architecture 处理器---MPC5xxx/5xxx 32位MCU","MPC561","KMPC561MZP56","应用说明","Standard SVM - 3 outputs version - XOR version TPU Function Set","http://cache.freescale.com/files/microcontrollers/doc/app_note/AN2533.pdf?fpsp=1&WT_TYPE=Application Notes&WT_VENDOR=FREESCALE&WT_FILE_FORMAT=pdf&WT_ASSET=Documentation&fileExt=.pdf"
"FSL","Power Architecture 处理器---MPC5xxx/5xxx 32位MCU","MPC561","KMPC561MZP56","应用说明","BLDC Motor version II TPU Function Set","http://cache.freescale.com/files/microcontrollers/doc/app_note/AN2521.pdf?fpsp=1&WT_TYPE=Application Notes&WT_VENDOR=FREESCALE&WT_FILE_FORMAT=pdf&WT_ASSET=Documentation&fileExt=.pdf"
"FSL","Power Architecture 处理器---MPC5xxx/5xxx 32位MCU","MPC561","KMPC561MZP56","应用说明","DC Motor - XOR version TPU Function Set","http://cache.freescale.com/files/microcontrollers/doc/app_note/AN2525.pdf?fpsp=1&WT_TYPE=Application Notes&WT_VENDOR=FREESCALE&WT_FILE_FORMAT=pdf&WT_ASSET=Documentation&fileExt=.pdf"
"FSL","Power Architecture 处理器---MPC5xxx/5xxx 32位MCU","MPC561","KMPC561MZP56","应用说明","DC Motor - 2 outputs version TPU Function Set","http://cache.freescale.com/files/microcontrollers/doc/app_note/AN2523.pdf?fpsp=1&WT_TYPE=Application Notes&WT_VENDOR=FREESCALE&WT_FILE_FORMAT=pdf&WT_ASSET=Documentation&fileExt=.pdf"
"FSL","Power Architecture 处理器---MPC5xxx/5xxx 32位MCU","MPC561","KMPC561MZP56","应用说明","Using the Hall Effect Decode (HALLD) TPU Function with the MPC500 Family","http://cache.freescale.com/files/microcontrollers/doc/app_note/AN2368.pdf?fpsp=1&WT_TYPE=Application Notes&WT_VENDOR=FREESCALE&WT_FILE_FORMAT=pdf&WT_ASSET=Documentation&fileExt=.pdf"
"FSL","Power Architecture 处理器---MPC5xxx/5xxx 32位MCU","MPC561","KMPC561MZP56","应用说明","Standard SVM with Dead-Time Correction - XOR version","http://cache.freescale.com/files/microcontrollers/doc/app_note/AN2531.pdf?fpsp=1&WT_TYPE=Application Notes&WT_VENDOR=FREESCALE&WT_FILE_FORMAT=pdf&WT_ASSET=Documentation&fileExt=.pdf"
"FSL","Power Architecture 处理器---MPC5xxx/5xxx 32位MCU","MPC561","KMPC561MZP56","应用说明","Using the Multiphase Motor Commutation TPU Function (COMM)with the MPC500 Family","http://cache.freescale.com/files/microcontrollers/doc/app_note/AN2367.pdf?fpsp=1&WT_TYPE=Application Notes&WT_VENDOR=FREESCALE&WT_FILE_FORMAT=pdf&WT_ASSET=Documentation&fileExt=.pdf"
"FSL","Power Architecture 处理器---MPC5xxx/5xxx 32位MCU","MPC561","KMPC561MZP56","应用说明","Standard Space Vector Modulation with Dead-Time Correction TPU Function Set","http://cache.freescale.com/files/microcontrollers/doc/app_note/AN2530.pdf?fpsp=1&WT_TYPE=Application Notes&WT_VENDOR=FREESCALE&WT_FILE_FORMAT=pdf&WT_ASSET=Documentation&fileExt=.pdf"
"FSL","Power Architecture 处理器---MPC5xxx/5xxx 32位MCU","MPC561","KMPC561MZP56","应用说明","Using the New Input Transition/Input Capture TPU Function (NITC) with the MPC500 Family","http://cache.freescale.com/files/microcontrollers/doc/app_note/AN2366.pdf?fpsp=1&WT_TYPE=Application Notes&WT_VENDOR=FREESCALE&WT_FILE_FORMAT=pdf&WT_ASSET=Documentation&fileExt=.pdf"
"FSL","Power Architecture 处理器---MPC5xxx/5xxx 32位MCU","MPC561","KMPC561MZP56","应用说明","3-Phase Sine Wave Generator - 3 outputs version TPU Function Set","http://cache.freescale.com/files/microcontrollers/doc/app_note/AN2515.pdf?fpsp=1&WT_TYPE=Application Notes&WT_VENDOR=FREESCALE&WT_FILE_FORMAT=pdf&WT_ASSET=Documentation&fileExt=.pdf"
"FSL","Power Architecture 处理器---MPC5xxx/5xxx 32位MCU","MPC561","KMPC561MZP56","应用说明","EMC Guidelines for MPC Based Automotive Powertrain Systems","http://cache.freescale.com/files/microcontrollers/doc/app_note/AN2127.pdf?fpsp=1&WT_TYPE=Application Notes&WT_VENDOR=FREESCALE&WT_FILE_FORMAT=pdf&WT_ASSET=Documentation&fileExt=.pdf"
"FSL","Power Architecture 处理器---MPC5xxx/5xxx 32位MCU","MPC561","KMPC561MZP56","应用说明","New Features of the MPC56x READI Nexus Interface Module","http://cache.freescale.com/files/32bit/doc/app_note/AN2693.pdf?fpsp=1&WT_TYPE=Application Notes&WT_VENDOR=FREESCALE&WT_FILE_FORMAT=pdf&WT_ASSET=Documentation&fileExt=.pdf"
"FSL","Power Architecture 处理器---MPC5xxx/5xxx 32位MCU","MPC561","KMPC561MZP56","应用说明","Dual Controller Software Development for MPC561/MPC563 EVB","http://cache.freescale.com/files/32bit/doc/app_note/AN2668.pdf?fpsp=1&WT_TYPE=Application Notes&WT_VENDOR=FREESCALE&WT_FILE_FORMAT=pdf&WT_ASSET=Documentation&fileExt=.pdf"
"FSL","Power Architecture 处理器---MPC5xxx/5xxx 32位MCU","MPC561","KMPC561MZP56","应用说明","Using the Universal Asynchronous Receiver Transmitter TPUFunction (UART) with the MPC500 Family","http://cache.freescale.com/files/microcontrollers/doc/app_note/AN2371.pdf?fpsp=1&WT_TYPE=Application Notes&WT_VENDOR=FREESCALE&WT_FILE_FORMAT=pdf&WT_ASSET=Documentation&fileExt=.pdf"
"FSL","Power Architecture 处理器---MPC5xxx/5xxx 32位MCU","MPC561","KMPC561MZP56","应用说明","AN1821","http://cache.freescale.com/files/microcontrollers/doc/app_note/AN1821.pdf?fpsp=1&WT_TYPE=Application Notes&WT_VENDOR=FREESCALE&WT_FILE_FORMAT=pdf&WT_ASSET=Documentation&fileExt=.pdf"
"FSL","Power Architecture 处理器---MPC5xxx/5xxx 32位MCU","MPC561","KMPC561MZP56","应用说明","DC Motor with Dead-Time Correction TPU Function Set","http://cache.freescale.com/files/microcontrollers/doc/app_note/AN2524.pdf?fpsp=1&WT_TYPE=Application Notes&WT_VENDOR=FREESCALE&WT_FILE_FORMAT=pdf&WT_ASSET=Documentation&fileExt=.pdf"
"FSL","Power Architecture 处理器---MPC5xxx/5xxx 32位MCU","MPC561","KMPC561MZP56","应用说明","Detecting Errors in the Dual-Port TPU RAM (DPTRAM) Module","http://cache.freescale.com/files/32bit/doc/app_note/AN2192.pdf?fpsp=1&WT_TYPE=Application Notes&WT_VENDOR=FREESCALE&WT_FILE_FORMAT=pdf&WT_ASSET=Documentation&fileExt=.pdf"
"FSL","Power Architecture 处理器---MPC5xxx/5xxx 32位MCU","MPC561","KMPC561MZP56","应用说明","MPC555 Interrupts","http://cache.freescale.com/files/microcontrollers/doc/app_note/AN2109.pdf?fpsp=1&WT_TYPE=Application Notes&WT_VENDOR=FREESCALE&WT_FILE_FORMAT=pdf&WT_ASSET=Documentation&fileExt=.pdf"
"FSL","Power Architecture 处理器---MPC5xxx/5xxx 32位MCU","MPC561","KMPC561MZP56","应用说明","1-phase Hall Sensor Decoder TPU Function","http://cache.freescale.com/files/microcontrollers/doc/app_note/AN2512.pdf?fpsp=1&WT_TYPE=Application Notes&WT_VENDOR=FREESCALE&WT_FILE_FORMAT=pdf&WT_ASSET=Documentation&fileExt=.pdf"
"FSL","Power Architecture 处理器---MPC5xxx/5xxx 32位MCU","MPC561","KMPC561MZP56","应用说明","Using the Table Stepper Motor TPU Function (TSM) with the MPC500 Family","http://cache.freescale.com/files/microcontrollers/doc/app_note/AN2364.pdf?fpsp=1&WT_TYPE=Application Notes&WT_VENDOR=FREESCALE&WT_FILE_FORMAT=pdf&WT_ASSET=Documentation&fileExt=.pdf"
"FSL","Power Architecture 处理器---MPC5xxx/5xxx 32位MCU","MPC561","KMPC561MZP56","应用说明","32-Bit Linear Quadrature Decoder TPU Function Set","http://cache.freescale.com/files/microcontrollers/doc/app_note/AN2511.pdf?fpsp=1&WT_TYPE=Application Notes&WT_VENDOR=FREESCALE&WT_FILE_FORMAT=pdf&WT_ASSET=Documentation&fileExt=.pdf"
"FSL","Power Architecture 处理器---MPC5xxx/5xxx 32位MCU","MPC561","KMPC561MZP56","应用说明","Using the Quadrature Decode TPU Function (QDEC) with theMPC500 Family","http://cache.freescale.com/files/microcontrollers/doc/app_note/AN2370.pdf?fpsp=1&WT_TYPE=Application Notes&WT_VENDOR=FREESCALE&WT_FILE_FORMAT=pdf&WT_ASSET=Documentation&fileExt=.pdf"
"FSL","Power Architecture 处理器---MPC5xxx/5xxx 32位MCU","MPC561","KMPC561MZP56","应用说明","Comparison Between the M68332 TPU1 and the MPC500-Family TPU3","http://cache.freescale.com/files/microcontrollers/doc/app_note/AN2361.pdf?fpsp=1&WT_TYPE=Application Notes&WT_VENDOR=FREESCALE&WT_FILE_FORMAT=pdf&WT_ASSET=Documentation&fileExt=.pdf"
"FSL","Power Architecture 处理器---MPC5xxx/5xxx 32位MCU","MPC561","KMPC561MZP56","应用说明","DC Motor TPU Function Set","http://cache.freescale.com/files/microcontrollers/doc/app_note/AN2522.pdf?fpsp=1&WT_TYPE=Application Notes&WT_VENDOR=FREESCALE&WT_FILE_FORMAT=pdf&WT_ASSET=Documentation&fileExt=.pdf"
"FSL","Power Architecture 处理器---MPC5xxx/5xxx 32位MCU","MPC561","KMPC561MZP56","应用说明","3-Phase Sine Wave Generator - XOR version TPU Function Set","http://cache.freescale.com/files/microcontrollers/doc/app_note/AN2516.pdf?fpsp=1&WT_TYPE=Application Notes&WT_VENDOR=FREESCALE&WT_FILE_FORMAT=pdf&WT_ASSET=Documentation&fileExt=.pdf"
"FSL","Power Architecture 处理器---MPC5xxx/5xxx 32位MCU","MPC561","KMPC561MZP56","应用说明","Using the Queued Output Match TPU Function (QOM) with the MPC500 Family","http://cache.freescale.com/files/microcontrollers/doc/app_note/AN2374.pdf?fpsp=1&WT_TYPE=Application Notes&WT_VENDOR=FREESCALE&WT_FILE_FORMAT=pdf&WT_ASSET=Documentation&fileExt=.pdf"
"FSL","Power Architecture 处理器---MPC5xxx/5xxx 32位MCU","MPC561","KMPC561MZP56","应用说明","3-Phase Sine Wave Generator with Dead-Time Correction TPU Function Set","http://cache.freescale.com/files/microcontrollers/doc/app_note/AN2517.pdf?fpsp=1&WT_TYPE=Application Notes&WT_VENDOR=FREESCALE&WT_FILE_FORMAT=pdf&WT_ASSET=Documentation&fileExt=.pdf"
"FSL","Power Architecture 处理器---MPC5xxx/5xxx 32位MCU","MPC561","KMPC561MZP56","应用说明","Multi-Controller Hardware Development for the MPC5xx Family","http://cache.freescale.com/files/microcontrollers/doc/app_note/AN2667.pdf?fpsp=1&WT_TYPE=Application Notes&WT_VENDOR=FREESCALE&WT_FILE_FORMAT=pdf&WT_ASSET=Documentation&fileExt=.pdf"
"FSL","Power Architecture 处理器---MPC5xxx/5xxx 32位MCU","MPC561","KMPC561MZP56","应用说明","AN1776/D Stereo Audio Transmission Over The CAN Bus Using The Freescale Semiconductor MC68376 With TouCAN Module","http://cache.freescale.com/files/microcontrollers/doc/app_note/AN1776.pdf?fpsp=1&WT_TYPE=Application Notes&WT_VENDOR=FREESCALE&WT_FILE_FORMAT=pdf&WT_ASSET=Documentation&fileExt=.pdf"
"FSL","Power Architecture 处理器---MPC5xxx/5xxx 32位MCU","MPC561","KMPC561MZP56","应用说明","Using the Fast Quadrature Decode TPU Function (FQD) with the MPC500 Family","http://cache.freescale.com/files/microcontrollers/doc/app_note/AN2362.pdf?fpsp=1&WT_TYPE=Application Notes&WT_VENDOR=FREESCALE&WT_FILE_FORMAT=pdf&WT_ASSET=Documentation&fileExt=.pdf"
"FSL","Power Architecture 处理器---MPC5xxx/5xxx 32位MCU","MPC561","KMPC561MZP56","应用说明","BLDC Motor version I TPU Function Set","http://cache.freescale.com/files/microcontrollers/doc/app_note/AN2520.pdf?fpsp=1&WT_TYPE=Application Notes&WT_VENDOR=FREESCALE&WT_FILE_FORMAT=pdf&WT_ASSET=Documentation&fileExt=.pdf"
"FSL","Power Architecture 处理器---MPC5xxx/5xxx 32位MCU","MPC561","KMPC561MZP56","应用说明","MPC500 Family Background Debug Mode","http://cache.freescale.com/files/microcontrollers/doc/app_note/AN2000.pdf?fpsp=1&WT_TYPE=Application Notes&WT_VENDOR=FREESCALE&WT_FILE_FORMAT=pdf&WT_ASSET=Documentation&fileExt=.pdf"
"FSL","Power Architecture 处理器---MPC5xxx/5xxx 32位MCU","MPC561","KMPC561MZP56","应用说明","DC Motor - 2 outputs version - XOR version TPU Function Set","http://cache.freescale.com/files/microcontrollers/doc/app_note/AN2526.pdf?fpsp=1&WT_TYPE=Application Notes&WT_VENDOR=FREESCALE&WT_FILE_FORMAT=pdf&WT_ASSET=Documentation&fileExt=.pdf"
"FSL","Power Architecture 处理器---MPC5xxx/5xxx 32位MCU","MPC561","KMPC561MZP56","应用说明","Using the Frequency Measurement TPU Function (FQM) with theMPC500 Family","http://cache.freescale.com/files/microcontrollers/doc/app_note/AN2363.pdf?fpsp=1&WT_TYPE=Application Notes&WT_VENDOR=FREESCALE&WT_FILE_FORMAT=pdf&WT_ASSET=Documentation&fileExt=.pdf"
"FSL","Power Architecture 处理器---MPC5xxx/5xxx 32位MCU","MPC561","KMPC561MZP56","应用说明","Using the Output Compare TPU Function (OC) with the MPC500Family","http://cache.freescale.com/files/microcontrollers/doc/app_note/AN2372.pdf?fpsp=1&WT_TYPE=Application Notes&WT_VENDOR=FREESCALE&WT_FILE_FORMAT=pdf&WT_ASSET=Documentation&fileExt=.pdf"
"FSL","Power Architecture 处理器---MPC5xxx/5xxx 32位MCU","MPC561","KMPC561MZP56","应用说明","MPC500 Enhanced Interrupt Controller","http://cache.freescale.com/files/microcontrollers/doc/app_note/AN2472.pdf?fpsp=1&WT_TYPE=Application Notes&WT_VENDOR=FREESCALE&WT_FILE_FORMAT=pdf&WT_ASSET=Documentation&fileExt=.pdf"
"FSL","Power Architecture 处理器---MPC5xxx/5xxx 32位MCU","MPC561","KMPC561MZP56","应用说明","DC Motor with Dead-Time Correction - XOR version TPU Function Set","http://cache.freescale.com/files/microcontrollers/doc/app_note/AN2527.pdf?fpsp=1&WT_TYPE=Application Notes&WT_VENDOR=FREESCALE&WT_FILE_FORMAT=pdf&WT_ASSET=Documentation&fileExt=.pdf"
"FSL","Power Architecture 处理器---MPC5xxx/5xxx 32位MCU","MPC561","KMPC561MZP56","应用说明","Standard Space Vector Modulation TPU Function Set","http://cache.freescale.com/files/microcontrollers/doc/app_note/AN2528.pdf?fpsp=1&WT_TYPE=Application Notes&WT_VENDOR=FREESCALE&WT_FILE_FORMAT=pdf&WT_ASSET=Documentation&fileExt=.pdf"
"FSL","Power Architecture 处理器---MPC5xxx/5xxx 32位MCU","MPC561","KMPC561MZP56","应用说明","General TPU C Functions for the MPC500 Family","http://cache.freescale.com/files/microcontrollers/doc/app_note/AN2360.pdf?fpsp=1&WT_TYPE=Application Notes&WT_VENDOR=FREESCALE&WT_FILE_FORMAT=pdf&WT_ASSET=Documentation&fileExt=.pdf"
"FSL","Power Architecture 处理器---MPC5xxx/5xxx 32位MCU","MPC561","KMPC561MZP56","应用说明","Nexus Interface Connector Options for MPC56x Devices","http://cache.freescale.com/files/microcontrollers/doc/app_note/AN2298.pdf?fpsp=1&WT_TYPE=Application Notes&WT_VENDOR=FREESCALE&WT_FILE_FORMAT=pdf&WT_ASSET=Documentation&fileExt=.pdf"
"FSL","Power Architecture 处理器---MPC5xxx/5xxx 32位MCU","MPC561","KMPC561MZP56","应用说明","3-phase Hall Sensor Decoder TPU Function","http://cache.freescale.com/files/microcontrollers/doc/app_note/AN2513.pdf?fpsp=1&WT_TYPE=Application Notes&WT_VENDOR=FREESCALE&WT_FILE_FORMAT=pdf&WT_ASSET=Documentation&fileExt=.pdf"
"FSL","Power Architecture 处理器---MPC5xxx/5xxx 32位MCU","MPC561","KMPC561MZP56","应用说明","Using the Discrete Input/Output TPU Function (DIO) with the  MPC500 Family","http://cache.freescale.com/files/microcontrollers/doc/app_note/AN2369.pdf?fpsp=1&WT_TYPE=Application Notes&WT_VENDOR=FREESCALE&WT_FILE_FORMAT=pdf&WT_ASSET=Documentation&fileExt=.pdf"
"FSL","Power Architecture 处理器---MPC5xxx/5xxx 32位MCU","MPC561","KMPC561MZP56","应用说明","AN4365， Freescale MPC56xx Flash Programming Through Nexus/JTAG - Application Notes","http://cache.freescale.com/files/32bit/doc/app_note/AN4365.pdf?fpsp=1&WT_TYPE=Application Notes&WT_VENDOR=FREESCALE&WT_FILE_FORMAT=pdf&WT_ASSET=Documentation&fileExt=.pdf"
"FSL","Power Architecture 处理器---MPC5xxx/5xxx 32位MCU","MPC561","KMPC561MZP56","应用说明","Standard Space Vector Modulation - 3 outputs version TPU Function Set","http://cache.freescale.com/files/microcontrollers/doc/app_note/AN2532.pdf?fpsp=1&WT_TYPE=Application Notes&WT_VENDOR=FREESCALE&WT_FILE_FORMAT=pdf&WT_ASSET=Documentation&fileExt=.pdf"
"FSL","Power Architecture 处理器---MPC5xxx/5xxx 32位MCU","MPC561","KMPC561MZP56","应用说明","3-Phase Sine Wave Generator TPU Function Set","http://cache.freescale.com/files/microcontrollers/doc/app_note/AN2514.pdf?fpsp=1&WT_TYPE=Application Notes&WT_VENDOR=FREESCALE&WT_FILE_FORMAT=pdf&WT_ASSET=Documentation&fileExt=.pdf"
"FSL","Power Architecture 处理器---MPC5xxx/5xxx 32位MCU","MPC561","KMPC561MZP56","应用说明","Using the Pulse Width Modulation TPU Function (PWM) with the MPC500 Family","http://cache.freescale.com/files/microcontrollers/doc/app_note/AN2373.pdf?fpsp=1&WT_TYPE=Application Notes&WT_VENDOR=FREESCALE&WT_FILE_FORMAT=pdf&WT_ASSET=Documentation&fileExt=.pdf"
"FSL","Power Architecture 处理器---MPC5xxx/5xxx 32位MCU","MPC561","KMPC561MZP56","应用说明","Using the Programmable Time Accumulator TPU Function (PTA) with the MPC500 Family","http://cache.freescale.com/files/microcontrollers/doc/app_note/AN2365.pdf?fpsp=1&WT_TYPE=Application Notes&WT_VENDOR=FREESCALE&WT_FILE_FORMAT=pdf&WT_ASSET=Documentation&fileExt=.pdf"
"FSL","Power Architecture 处理器---MPC5xxx/5xxx 32位MCU","MPC561","KMPC561MZP56","应用说明","Standard Space Vector Modulation - XOR version TPU Function Set","http://cache.freescale.com/files/microcontrollers/doc/app_note/AN2529.pdf?fpsp=1&WT_TYPE=Application Notes&WT_VENDOR=FREESCALE&WT_FILE_FORMAT=pdf&WT_ASSET=Documentation&fileExt=.pdf"
"FSL","Power Architecture 处理器---MPC5xxx/5xxx 32位MCU","MPC561","KMPC561MZP56","应用说明","Running the Dhrystone Benchmark for the MPC500 Family","http://cache.freescale.com/files/microcontrollers/doc/app_note/AN2354.pdf?fpsp=1&WT_TYPE=Application Notes&WT_VENDOR=FREESCALE&WT_FILE_FORMAT=pdf&WT_ASSET=Documentation&fileExt=.pdf"
"FSL","Power Architecture 处理器---MPC5xxx/5xxx 32位MCU","MPC561","KMPC561MZP56","应用说明","3Sin with Dead-Time Correction - XOR version TPU Function Set","http://cache.freescale.com/files/microcontrollers/doc/app_note/AN2519.pdf?fpsp=1&WT_TYPE=Application Notes&WT_VENDOR=FREESCALE&WT_FILE_FORMAT=pdf&WT_ASSET=Documentation&fileExt=.pdf"
"FSL","Power Architecture 处理器---MPC5xxx/5xxx 32位MCU","MPC561","KMPC561MZP56","应用说明","3-Phase Sine Wave Generator - 3 outputs version - XOR version TPU Function Set","http://cache.freescale.com/files/microcontrollers/doc/app_note/AN2518.pdf?fpsp=1&WT_TYPE=Application Notes&WT_VENDOR=FREESCALE&WT_FILE_FORMAT=pdf&WT_ASSET=Documentation&fileExt=.pdf"
"FSL","Power Architecture 处理器---MPC5xxx/5xxx 32位MCU","MPC561","KMPC561MZP56","参考手册","MPC500 Family RCPU Reference Manual","http://cache.freescale.com/files/archives/doc/ref_manual/RCPURM_ZIP.zip?fpsp=1&WT_TYPE=Reference Manuals&WT_VENDOR=FREESCALE&WT_FILE_FORMAT=zip&WT_ASSET=Documentation&fileExt=.zip"
"FSL","Power Architecture 处理器---MPC5xxx/5xxx 32位MCU","MPC561","KMPC561MZP56","参考手册","Programming Environments Manual for 32-Bit Implementations of the Power Architecture","http://cache.freescale.com/files/product/doc/MPCFPE32B.pdf?fpsp=1&WT_TYPE=Reference Manuals&WT_VENDOR=FREESCALE&WT_FILE_FORMAT=pdf&WT_ASSET=Documentation&fileExt=.pdf"
"FSL","Power Architecture 处理器---MPC5xxx/5xxx 32位MCU","MPC561","KMPC561MZP56","用户指南","MPC561/MPC563 Autotemp Evaluation Board Users Manual","http://cache.freescale.com/files/microcontrollers/doc/user_guide/MPC561EVBUM.pdf?fpsp=1&WT_TYPE=Users Guides&WT_VENDOR=FREESCALE&WT_FILE_FORMAT=pdf&WT_ASSET=Documentation&fileExt=.pdf"
"FSL","Power Architecture 处理器---MPC5xxx/5xxx 32位MCU","MPC561","KMPC561MZP56","用户指南","MPC564EVBUM","http://cache.freescale.com/files/microcontrollers/doc/user_guide/MPC564EVBUM.pdf?fpsp=1&WT_TYPE=Users Guides&WT_VENDOR=FREESCALE&WT_FILE_FORMAT=pdf&WT_ASSET=Documentation&fileExt=.pdf"
"FSL","Power Architecture 处理器---MPC5xxx/5xxx 32位MCU","MPC561","KMPC561MZP56","工程设计要点 ","MISRA Compliance in Freescale Automotive C Language Header Files - Engineering Bulletin","http://cache.freescale.com/files/32bit/doc/eng_bulletin/EB793.pdf?fpsp=1&WT_TYPE=Engineering Bulletins&WT_VENDOR=FREESCALE&WT_FILE_FORMAT=pdf&WT_ASSET=Documentation&fileExt=.pdf"
"FSL","Power Architecture 处理器---MPC5xxx/5xxx 32位MCU","MPC561","KMPC561MZP56","工程设计要点 ","MDASM OPWM Software Considerations to Avoid Missing Pulses","http://cache.freescale.com/files/32bit/doc/eng_bulletin/EB633.pdf?fpsp=1&WT_TYPE=Engineering Bulletins&WT_VENDOR=FREESCALE&WT_FILE_FORMAT=pdf&WT_ASSET=Documentation&fileExt=.pdf"
"FSL","Power Architecture 处理器---MPC5xxx/5xxx 32位MCU","MPC561","KMPC561MZP56","工程设计要点 ","TouCAN Receive Process Clarification","http://cache.freescale.com/files/32bit/doc/eng_bulletin/EB634.pdf?fpsp=1&WT_TYPE=Engineering Bulletins&WT_VENDOR=FREESCALE&WT_FILE_FORMAT=pdf&WT_ASSET=Documentation&fileExt=.pdf"
"FSL","Power Architecture 处理器---MPC5xxx/5xxx 32位MCU","MPC561","KMPC561MZP56","简介","Specification Sheet MPC500 Family","http://cache.freescale.com/files/microcontrollers/doc/fact_sheet/MPC500FACT.pdf?fpsp=1&WT_TYPE=Fact Sheets&WT_VENDOR=FREESCALE&WT_FILE_FORMAT=pdf&WT_ASSET=Documentation&fileExt=.pdf"
"FSL","Power Architecture 处理器---MPC5xxx/5xxx 32位MCU","MPC561","KMPC561MZP56","简介","Automotive Airbag Safety Systems - Fact Sheet","http://cache.freescale.com/files/sensors/doc/fact_sheet/AIRBAGFS.pdf?fpsp=1&WT_TYPE=Fact Sheets&WT_VENDOR=FREESCALE&WT_FILE_FORMAT=pdf&WT_ASSET=Documentation&fileExt=.pdf"
"FSL","Power Architecture 处理器---MPC5xxx/5xxx 32位MCU","MPC561","KMPC561MZP56","简介","THE MPC500 FAMILY OF 32-BIT EMBEDDED CONTROLLERS - Fact Sheet","http://cache.freescale.com/files/microcontrollers/doc/fact_sheet/DEVTOOLSFACT.pdf?fpsp=1&WT_TYPE=Fact Sheets&WT_VENDOR=FREESCALE&WT_FILE_FORMAT=pdf&WT_ASSET=Documentation&fileExt=.pdf"
"FSL","Power Architecture 处理器---MPC5xxx/5xxx 32位MCU","MPC561","KMPC561MZP56","简介","USB-ML-PPCBDM Fact Sheet","http://cache.freescale.com/files/soft_dev_tools/doc/fact_sheet/USBMLPPCBDMFS.pdf?fpsp=1&WT_TYPE=Fact Sheets&WT_VENDOR=FREESCALE&WT_FILE_FORMAT=pdf&WT_ASSET=Documentation&fileExt=.pdf"
"FSL","Power Architecture 处理器---MPC5xxx/5xxx 32位MCU","MPC561","KMPC561MZP56","简介","The MPC500 Family of 32-Bit Embedded Controllers","http://cache.freescale.com/files/microcontrollers/doc/fact_sheet/MPC561FACT.pdf?fpsp=1&WT_TYPE=Fact Sheets&WT_VENDOR=FREESCALE&WT_FILE_FORMAT=pdf&WT_ASSET=Documentation&fileExt=.pdf"
"FSL","Power Architecture 处理器---MPC5xxx/5xxx 32位MCU","MPC561","KMPC561MZP56","选型工具指南","SG187， 汽车， Q3 2015， Rev. 59 - 选型指南","http://cache.freescale.com/zh-Hans/files/microcontrollers/doc/selector_guide/SG187.pdf?fpsp=1&WT_TYPE=Selector Guides&WT_VENDOR=FREESCALE&WT_FILE_FORMAT=pdf&WT_ASSET=Documentation&fileExt=.pdf"
"FSL","Power Architecture 处理器---MPC5xxx/5xxx 32位MCU","MPC561","KMPC561MZP56","产品变更通知","TSPG MOS12 CDR3 BPTEOS MATERIAL CHANGE","http://cache.freescale.com/files/shared/doc/pcn/PCN9266.htm?fpsp=1&WT_TYPE=Product Change Notices&WT_VENDOR=FREESCALE&WT_FILE_FORMAT=htm&WT_ASSET=Documentation&fileExt=.htm"
"FSL","Power Architecture 处理器---MPC5xxx/5xxx 32位MCU","MPC561","KMPC561MZP56","产品变更通知","MC QUAL OF SILVER OAK MPC561/562MZP56","http://cache.freescale.com/files/shared/doc/pcn/PCN7695.htm?fpsp=1&WT_TYPE=Product Change Notices&WT_VENDOR=FREESCALE&WT_FILE_FORMAT=htm&WT_ASSET=Documentation&fileExt=.htm"
"FSL","Power Architecture 处理器---MPC5xxx/5xxx 32位MCU","MPC561","KMPC561MZP56","产品变更通知","TSPG-TECD MPC561/562 TEST PLATFORM XFER","http://cache.freescale.com/files/shared/doc/pcn/PCN9168.htm?fpsp=1&WT_TYPE=Product Change Notices&WT_VENDOR=FREESCALE&WT_FILE_FORMAT=htm&WT_ASSET=Documentation&fileExt=.htm"
"FSL","Power Architecture 处理器---MPC5xxx/5xxx 32位MCU","MPC561","KMPC561MZP56","产品变更通知","TSPG-TECD MPC561/562 TEST SITE XFER","http://cache.freescale.com/files/shared/doc/pcn/PCN9405.htm?fpsp=1&WT_TYPE=Product Change Notices&WT_VENDOR=FREESCALE&WT_FILE_FORMAT=htm&WT_ASSET=Documentation&fileExt=.htm"
"FSL","Power Architecture 处理器---MPC5xxx/5xxx 32位MCU","MPC561","KMPC561MZP56","产品变更通知","MPC56X DEVICE MARKING IMPROVEMENT","http://cache.freescale.com/files/shared/doc/pcn/PCN8604.htm?fpsp=1&WT_TYPE=Product Change Notices&WT_VENDOR=FREESCALE&WT_FILE_FORMAT=htm&WT_ASSET=Documentation&fileExt=.htm"
"FSL","Power Architecture 处理器---MPC5xxx/5xxx 32位MCU","MPC561","KMPC561MZP56","支持信息","MPC561/MPC563 EVB Bill of Materials","http://cache.freescale.com/files/soft_dev_tools/doc/support_info/MPC561EVBBOM_XLS.xls?fpsp=1&WT_TYPE=Supporting Information&WT_VENDOR=FREESCALE&WT_FILE_FORMAT=xls&WT_ASSET=Documentation&fileExt=.xls"
"FSL","Power Architecture 处理器---MPC5xxx/5xxx 32位MCU","MPC561","KMPC561MZP56","支持信息","MPC500 Memory Map","http://cache.freescale.com/files/microcontrollers/doc/data_sheet/MPC500_MEMORY_MAP.pdf?fpsp=1&WT_TYPE=Supporting Information&WT_VENDOR=FREESCALE&WT_FILE_FORMAT=pdf&WT_ASSET=Documentation&fileExt=.pdf"
"FSL","Power Architecture 处理器---MPC5xxx/5xxx 32位MCU","MPC561","KMPC561MZP56","支持信息","MPC561/MPC563 Bill of Materials (pdf)","http://cache.freescale.com/files/soft_dev_tools/doc/support_info/MPC561EVBBOM.pdf?fpsp=1&WT_TYPE=Supporting Information&WT_VENDOR=FREESCALE&WT_FILE_FORMAT=pdf&WT_ASSET=Documentation&fileExt=.pdf"
